GATCAGTTTTTTACTCTTCCACTCTCTTTTCTATATTTTGCCCATCGGGGCTGCGGATACCTGGTTTTATTATTTTTTCTTTGCCCAA	XIST
CGGGGCCGTGGATACCTGCCTTTTAATTCTTTTTTATTCGCCCATCGGGGCCGCGGATACCTGCTTTTTATTTTTTTTTCCTTAGCCC	XIST
CGGGGCCGCGGATACCTGCTTTTTATTTTTTTTTCCTTAGCCCATCGGGGTATCGGATACCTGCTGATTCCCTTCCCCTCTGAACCCC	XIST
CCTGCTGATTCCCTTCCCCTCTGAACCCCCAACACTCTGGCCCATCGGGGTGACGGATATCTGCTTTTTAAAAATTTTCTTTTTTTGG	XIST
GGTGACGGATATCTGCTTTTTAAAAATTTTCTTTTTTTGGCCCATCGGGGCTTCGGATACCTGCTTTTTTTTTTTTTATTTTTCCTTG	XIST
GGCTTCGGATACCTGCTTTTTTTTTTTTTATTTTTCCTTGCCCATCGGGGCCTCGGATACCTGCTTTAATTTTTGTTTTTCTGGCCCA	XIST
TCGGGGCCTCGGATACCTGCTTTAATTTTTGTTTTTCTGGCCCATCGGGGCCGCGGATACCTGCTTTGATTTTTTTTTTTCATCGCCC	XIST
CGGGGCCGCGGATACCTGCTTTGATTTTTTTTTTTCATCGCCCATCGGTGCTTTTTATGGATGAAAAAATGTTGGTTTTGTGGGTTGT	XIST

CCGCACAGGGCAGGGTGCAGCCTTCAGCCCAGAGGGCCAGCCCATCGGGGGCTATACCGAGACAGAGCCACACGTGGCCTTCCGGGCT	MEIS3P1
AGAACTCGAACTGGATACTCAGCTGACAGGACCAGAAATGCCCATCGGCAATGTCTACAAGGAGAAAGCCAGAGTCATCGCTGACTAG	RPL13P5
GTATCCAGCCGGTTCCCCTGCAAACCATCACCAATGAGAACCCATCGGGACCGAGCCTGGGGACCATCCCGCAAGCCCACTTCCTCCT	HERC2P2
GGCCCCCCCTATGAGCTGACGCTCAGTGCTGCTGCCAGGCCCCATCGGGCAGTGGGGCCCAATGCCACAGAGTGGACCTATACCTCTG	PTPRVP
CAAAATGTGTTTAACTAACCCCCCTACCACTTACAATTCGCCCATCGGCCTGTAATTTGGTTGGTTTGGGTTTTATATTTCTTTTTTC	TOB2P1
ATCCTCCTGATCCCTTTCCCATCGGATCTGAACACTGGTCTTGGTGGTCGTAAAAGGAGGAAAAG	SNORA61
TTTGGCGGACACAGCCTCAAGTTTGGAAAGGGCAGGCAGGCCCATCGGTGCTGCTGTGTGGCTGATCGGACCGGCCACTCAATATTGC	SDHAP2
TTTGGTGGACAGAGCCTCAAGTTTGGAAAGGGCAGGCAGGCCCATCGGTGCTGCTGTGTGGCTGATCGGACCGGCCACTCAATATTGC	LOC220729
CAATGGTCACAGTAGCGCTGGGCTCAGAGAGGGCGCCTTCCCCATCGGTCCGGTAGCTGCAGCTGTAGTTGCCAGGCTGATGGACTGG	A1BG-AS1
CCGCCCCAGGCTGCAGCTTCTGTGGGACTGACCTTAAGACCCCATCGGTTCCTCCTGAGAGCAGCAGATCTCAGCCAGATGCTGCCGG	MAFG-DT
CAAAGGGCAACTGCCTGACATTGAAATGGAGAATGTAATACCCATCGGTAAGTTTAAAATAGTCCAGGACAGCAGAGAGCAGACACAG	RAET1K
ATGACCTCCCACAGCTCGCCAACTCAGCCCTCCCTAAGTCCCCATCGGGGGCCAATTCTCACTCTGGGGTTGGGGGGACTCCACCATA	HCG18
TTAAGGTAAAGTTGATCAGCTTAATCCTCCTGATCCCTTTCCCATCGGATCTGAACACTGGTCTTGGTGGTCGTAAAAGGAGGAAAAG	SNHG12
TCCATAACCAAATGGAGCACACTCTGCACCCAGCTCTCATCCCATCGGAGCTGCTGCGATTCCCGCAGGTTCTTCCAGAACTGGTTTA	FAM86C2P
TCCATAACCAAAGGGAGCACAGTCTGCACCCAGCTCTCATCCCATCGGAGCTGCTGCGACTCCCGCAGGTTCTTCCAAAACTGGTTTA	FAM86JP
GACTTGGATGCAACCTTTGAAAGAGATGCTTCCAGTAAACCCCATCGGTTAAGATCAGCTGTCCCCCATGAAAAAAAAAAAAAAAAAA	SNAI3-AS1
GGCCTGTGCTCCAGCCATGTGGTGTAGACGTGAACCCCAGCCCATCGGAGGGTTGCAGCCCCCACATCTGCGATTGCATCTGGAATCA	HPN-AS1
GGCTATATGACCTTCCCGGGTGGCAGTAATGAGCAACGTCCCCATCGGGTGGAATTTGTATTGATCACTGCGTCCAGTGCATGTACAT	ANKRD26P1
TCAGCAAATGTGTCTTACAGAGAAGAGAAGAGGGAGTCAGCCCATCGGGATTAAAAATATAGAGGCAGTGACAACACACACTCGGCTT	LINC00661
AGGAGGGGGCTCTGGGGAAAAGCAAAGGCAGGGGAGGTTGCCCATCGGGGAGCCTCGCGTCCCTGGGCCCTCCGTACTCTGCACATAT	MGC16275
TGTACGATGGGTGTGTTAGCCAGCCAGCGAAGCAGCCAGGCCCATCGGATGATAACCAAAGCCAAGGCAACATGCAGAGGGAGCCAAA	LOC643387
CGCCCCCCTCCGGGGTCCCACAGCACTGCAGCCCTCGCCCCCCATCGGGGACCCACAGCACTGCAGCCACGCCCAGGCCACCGCCTCC	LINC00205
CTCCCGCGTCCCCAGGAGGTGCCTCTGGAAGCCACGGAGTCCCATCGGCACCAAGACCGACTGCCCTTTGGGGTGAGGTAGTAGGTTG	MIRLET7BHG
AGCTTTCTATGTCCCCAGTGGGAGGCCCATGCATCCCTGTCCCATCGGCTTTTGGCTTTGACCAAAGGAACAAAAGCAGACATGACAG	LINC02159
TGCGCTGGGCAACCCTGCCGCTGACGCGCCGCCAGGTCCCCCCATCGGGACCCGCAGCCCCTGAGCCGCTCGCCTACGACTACCGGTT	ARHGAP27P1
TGACAAGTTCTGTGCCAACACCTGTGTGGAATGCCGCAAGCCCATCGGTGCGGACTCCAAGGAGGTGCACTATAAGAACCGCTTCTGG	FHL1
TGAGGCTGCTGCGAGGAAGACCCGGTCAGCTGTCCCTTCCCCCATCGGTCCTCTTAGGGGAAGTGGAGATGTGGGCCTCGGAGCTGCG	LINC00938
TCAAGAAGGAAGATCCTCCCTCTTGCACAATTAGAGTGTCCCCATCGGTCTCCAGTGCGGCATCCCTTCCTTGCCTTCTACCTCTGTT	TMEM138
TACCCCAGTGGCCTTTATTCACTCCTGACCACTTATCAAACCCATCGGTCCTACTGTTGGTATAACTGAGCTTGGACCTGACTATTAG	MASP1
GCCCGGGGCAGGCCCTAGCTGGCCAGGCCACACCATAGATCCCATCGGGGCTGCCTCTGTACATTGTCCTTGTCCAGGAGGAGATTCG	CDRT15P2
CCCCTGAGAGATTCATCTGAGTGAGAGAGCACTCTCCAGCCCCATCGGAGTGGGTTTGCAGGGAAATCATAAGGAAGAAATCCTTATC	FLJ42351
CAACCATCTGAAGCAGCAGCTGGCCAAGGAGTTCCAGGCCCCCATCGGCTCTGAGGAGGGCTTGCGCCTGCTGGAAGATCCTGAGCGC	EXD2
GTATCCAGCCGGTTCCCCTGCAAACCATCACCAATGAGAACCCATCGGGACCGAGCTTGGGGACCATCCCGCAAGCCCACTTCCTCCT	HERC2P3
GCCCTGACTTTCCCTACCCAGTGCCACCCTCTGAGGGCTGCCCATCGGGGCGGTTGTTATTGTCGCTGCACTGGGATTGGGGCAGAGG	LOC284454
GGACGATTTCCAGCGGGTGCTGAATGTGAACACAATGGGTCCCATCGGGGTCACCCTTGCCCTGCTGCCTCTGCTGCAGCAAGCCCGG	BLOC1S1-RDH5
AGGCTCAAAAGTTTTACCAGTATGGACTCTCGCTCAGCATCCCATCGGTCCACTAGGTTTGCGGCAACTTTCTATGACATTGAAACAC	PIR-FIGF
CACAAAAATCCAGGAATCCCCTGTAGCTTATTCCCTCTTTCCCATCGGAACCAGCTCTCATCACACATTTAAAAGATGATTCTGTTTA	CCN4
TCACACAACAGAAACTGCCTCGCAGTTCCCGAGGCCAGAGCCCATCGGGGTGGCTCCCTGAGGCCGTGAGCCCGGACTGTCCTGGGCC	LINC00482
TGAAGGAGGGGAATCAAGAGAAAATATACATGAAAAATGACCCATCGGCCGAGTCTGAGGGACTCTGAAATCACAGAAAGTGGGAGCT	MMAB
CTTGGAGCAGAGGCCCAAAGAAAGCGGGGAGAGCGCCTTGCCCATCGGTAAGGGAAAGGTGCTCCAGGCACAGAAGCAGCTAATGCAA	NSFL1C
GGCCGTCACCTGTCGGGCTGCCAGGCCGCGCGTACCTTGTCCCATCGGGGGCTCTGCTCTGCCCCCTGCGCTGATGACGCGGGTGGAA	LINC00865
GTAGGTCGGTGAGCGCCGATCTGCTGGAGAATCTCATTATCCCATCGGCGCTCTGCCTGCTCCTGGCCTCCAAGCCTCTGAAGCCCCT	LOC100506207
ACTCCAAAGATGAAACGCTCCCAGAAAGAAAAGGCAAAGACCCATCGGAAACAAAAGAGCAACTTTCACCGCCTGATACATACACTTC	ERVK13-1
GCATTAACATACATTGAATGGCAATTCTTTTTCTTAACCACCCATCGGAAGGTTTGGGGGTTCTTCCTTGGCCCTCTCCCCAGAGCTC	NRON
ATAGGGGCGGGAACAGCCCAGCGGGCCGTCCCATCGGCTTTTGGGTCTGTTACCCAAAGAATGATAAAGTTGGTTTT	IRF3
TCCGAGGGGTCTGGAACACAGTGTGTGACAGTGAGTGGTACCCATCGGAGGCCAAGGTGCTCTGCCAGTCCTTGGGCTGTGGAACTGC	CD6
GCTGAAGCTGGTGGTGGAGACGCTGATGTCCTCACTGAAACCCATCGGCAACATTGTAGTCATCTGCTGTGCCTTCTTCATCATTTTC	CACNA1G
TTGCTTGTTGATTACAAGGCCCAAGTTAGTGTATGGTTTGCCCATCGGAGGAAAGCTAAAACATGGGCCTTCATGGGTATTAAAATTG	LINC02603
GAGGGAGCCCTGTGTCCATTTTAGGATCCTCCACCAAGGGCCCATCGGTCTTCCCCCTGGTGCCCTCCTCCAGGAGCGTCTCTGAGGG	ELK2AP
GGGCCTCCCGACTCGCTGGGGAGAAAAGCCGGCCCTGGAGCCCATCGGCCAGTTATGACCTGCGGGAGCGACTGTGCCCAGGCAGTGC	SLC4A3
CCCCAAGGAAGCCACTGCCTGCCGACCCCCAGGGCCGGTGCCCATCGGGTGACCTGCCCGGCCCAGGGGCTGGAATCCCGCCCCTAGT	ADAM15
AAAGCTCCTGGCTTTGTATATGCCTGGCTTGAACTGATTTCCCATCGGATATTTATTGCAAGAATGCTGGCACATACGCCACAGCAGA	CNOT1
CAGTGGGTGAGGGAGTGAAGCTTTGTATTGACAGCCGCTCCCCATCGGGCGCATCACCGCCTGAGCTCCGCCTCCTGTCAGATCAGCG	CTCFL
GGCCTGGTGCCCGAGGGAGACGCTTTGCCCATCCCAGGAGCCCATCGGCCAGGGGTGGTCACCAAAGCAGGACTCATCCTCTTTGGGA	ALDH1L1
AAGGAGCAAAAGGCCTTTGAGAAGAACATTTTCAACAAGACCCATCGGACTGACACTGATGCTTATGGCTGTTCTGAACTGTCTCTTC	COPZ1
GGGTGCACAGGCTGTGGTCGTCTATCTCCCTGTTGTTCTTCCCATCGGCGAAGATGGCCCTGGAGACGGTGCCGAAGGACCTGCGGCA	SUPT4H1
GACTCCACACCCTTCAGGGCTCCAGCCCCCTGCCATTCCACCCATCGGTAGCAGTGCCGGGCTTCTGGCCCTCTCCAGTGCTCTAGGA	TLE4
GCGCTGCCGTCTCTGGCACCTAACCCAGCAGACCGCTCACCCCATCGGCTGGAATGCTTGCTGATTCCTCTGCACACTTCTAAGGCTG	KLHL32
GCGGCGGAAGGACCCCGAGGGGACCCCCTACATCAACCACCCCATCGGTGGGCGCGTCGGCCGCGGAGCGCCGGCTGCGGCACCTGGG	HDDC3
AAAGCTATAAATAGATTTAAAGAGAGAAAGCAAACCAAAACCCATCGGTAATCCACTGGAAAAACAAGCCTCCAACTCTATTCAGAAC	LINC02078
TTATGAAGAATCCACCTTTCCTAGAAGCCCCAGCAAACCTCCCATCGGACTCATAGGTGCAAACTGGCTGAAAGGCTCATTCCAAGAC	LOC100996671
CCATTCGCCACTGCTACCAGCCTGTGGGAGGAGGAGGGAGCCCATCGGACTTCTACCTGTGCTCTCTGCTGGCCAGCGGCACCGCAGC	SLC22A17
AGTACCCGGACATCATCAGCCGCATCCCCAAGATTAAACTCCCATCGGTCACATCCTTCATCCTGGACACCGAAGCCGTGGCTTGGGA	LIG1
AGCATTCCTTTCGAACACCACGGCAAGTAGCTGCTCGTCTCCCATCGGAAGGCAGCACTGGATTCCTGGTCGGGTGGCTTCCAGTGGT	CSNK1D
TGGATTTGCCATTCCAAACCAGCCATAAGTGGAGCCTGTGCCCATCGGAGAGCTGCTGGTGGCTGAAACTGCAATTCTGATAGCCATT	LINC01782
CATGGCCATAGGTGAGGGGCCTCTGAGAGCCCGTGCAGCGCCCATCGGCATCCCCCGACCCTGCCATGGCTGAGGTCAGAGTGGCACC	PTOV1-AS2
GGTGGTGAGTGGAGACATGCTGGGGTTTGGCCGCGTCAAGCCCATCGGCGTCCACTCGGTGGTGAAGGGCCGGCTGCACCTGACTTTG	NPHP4
TTGACCAAATCTGACTGGCTGGCTGCCGGAGACACTGCTACCCATCGGCCCTTAATAAATGGCCTCATTTGATCATCATGTGATCTTC	LOC284930
ATCGCGATGGGAACCGATGGTGGGTGGGGCTGCAGAGTGCCCCATCGGTCACCTTGTTTCTCAACTACCTCGCATCATTGCAGATGCT	CTPS1
GGCCTGGGAGGAAAAGAGAGTCCTGCTTCTGCCTGGCTTCCCCATCGGGGAGGGGAGTTGAAGTGACAGCCTCCTGACAGCTTAGAAA	MESD
AGTGAGGCGCCCACTTCGCATCCCACAGTACCGCCAGAAACCCATCGGACCCACAAAGATCAAAATCTTCGGTAACACACCAAACTGG	LINC01143
ACCTGGGAGCTGGCGGGACCGTCCTCCCCCGCCACGCCCTCCCATCGGGCTTTGGGCGCCGGACTCTGGCCACCGCTCGGCACCTGCC	SGMS1-AS1
TCCATAACCAAAGGGAGCACAGTCTGCACCCAGCTCTCATCCCATCGGAGCTGCTGCGACTCCCGCAGGTTCTTCCGGAACAGGTTTA	FAM86EP
ACCCCATTCGGAAGGTGCTCGGGTCTTCGGGGCACTGGGTCCCATCGGTCCCTCCTCACCTGGGCTCACCCTCGGGGGTCTGGCCGTG	PTOV1
TGCCACTTCTCCTGGTTATTATGGTTCACATCTGAGGTAACCCATCGGGAAACTGGATGGGACAACAAACTAAAAATGTTTTAGTTTG	MIR3150BHG
GGACCCGCCCCGGGCATGGACGGGACTCAGTCTCTGAGGACCCATCGGGGGGAATCCGGTAGCTCCCGCCCCGCCTCATGCCAGTGTC	LOC730098
AGTGGAGCGTGTCCTGAAGGAGTTCCACCAGGCCGGGAAGCCCATCGGCTTGTGCTGCATTGCACCTGTCCTCGCGGCCAAGGTGCTC	GATD3A
AGCCCAGGGAGCCCAGGAGTCTCCCTTGCCTGCCCCATCGGAGCCGCCGGAGGTGGAGTCCGCCCCCCGGACCCCCGAACT	LOC101928123
GCCGAAAAAGCGCCCTGGCCTCGCCGCGACCCCCGCGGGACCCATCGGGCCTTGGGGTTCGGGAACCACAGCAGGGGGTTGATTGCCG	BOLA2-SMG1P6
AGGCTGCAATGACCATCATGTCTCTGTGACCACACGATTACCCATCGGCTCCCACACCCCTCTGCCTGCCAGGAAGCTGAGGCTCAAG	LOC105371824
CAATAAGCCCACCTTCTTTCCCGTCGCCACCCCGGAGACGCCCATCGGGCTGAGCTGCGAATAACTAAGAGAGAGGCCAAGCCAAGTC	LINC01783
CAATAAGCCCACCTTCTTTCCCGTCGCCACCCCGGAGACGCCCATCGGGCTGAGCTGCGAATAACTAAGAGAGAGGCCAAGCCAAGTC	LOC440570
GGGGCGGCAGGCGCTATCGTGGGCGTGGTCCTTGCACCGTCCCATCGGCCTTGCCTTCCAGCTCCGTGGCACGGTTTCCTGGTCTTTG	USP7
TCTTTGGCCTCTGTGAAGCAGCTTGGAAATTCCAGCTGGTCCCATCGGGGAAGGAAGAAACCACAGCGAGGCTCCGGCAGTGCTGGTT	LOC105375800
AGAGCCTAAAGGCAAGGACAGTGCCAAAAGGTTCTGTGAGCCCATCGGGGAGAAGAAGAGTCCAGCCACCATCTTCCTGACTGTCCCA	ESYT3
AAATAATCATCCCATCCTCAAAGCAGACCAACTCCAGCATCCCATCGGTTCTGGAGGGATTTGATGCAAACCTTTAAATGCACCAACA	GLP1R
TCTAACTCTAACCTGACACCCACTCCTGGGGACACAAACACCCATCGGATCTAATAGTCAGAGGAGGGGCGTATGGAGGTCAGTGGGC	C11orf21
CGCGTCCCGCTGCTGTTTAGCCGTTTCCAAGGCTACGAAGCCCATCGGCCGGGGATAAGAGAGCAAGAAAATGAAGCTCAAGAGCCTC	DAW1
AATGAGGCCAGAGAACCTGTGCTGATCCCTAACATCTTCACCCATCGGGGGCAAAATAAGTAAAATAAAAGTAATGTAGCAAATGTTT	MRRF
GGAGCTCTAGGGGAGCTCACCCCTGCGCGGCGGGACCTCCCCCATCGGGTTGCCCCTTCAATCTGCAGCCGCGCGGAGGCAGGCCCCG	GSC-DT
CAGTCTCGAACGTGACTATCACAGCCTGTGCGAGCGGCAGCCCATCGGGCGCCTGCTGTTCTGAGAGTTCTGTGCCACCAGGCCGGAG	GRK6P1
TTCACGGCCTCTACACGGACCCCTGCGGGGTGGTGCTGGACCCATCGGGGTATAAAGACGTCACTCAAGACGCAGAAGTCATGGTACG	FAM118A
GCGGCGGGGCCCGAGGCGCAAAGCCCGCCCTTCGCCCAGCCCCATCGGTGGGGATCAGCCCAGAGGGCGGGAGCAGGGAGTGGAGACG	CEP57L1
AAGGTAGAGACCCCGCGAGCCCCCCAGCGCCCCACCCTCCCCCATCGGAAAAGGACAGGGGTAGGGAAGCCGAGGACCCACGGGCTGC	DGKA
TGAGAGTCAGAGGAAAATGCTGCTGCGGGGACTGGGGAGCCCCATCGGGTGACTCCCCAGAGATGTGAGCAGGTGCAGAGGCTGGAAC	LINC02348
TTCATGAAGTGCTTGCTGGAGGTGGAGAAAATGGAGGCCTCCCATCGGAGAGCCTCGAAGGCCCGGTCCCAGACAGCCCAGAAGTCGC	SPATA21
CCTTCCTGCCTGGTCCCCAAGGCCTCCTTCCTGCCTGGTCCCCATCGGCCCAGCGCCCACCCAGCCTTGGCTTTTGCCCGTGGGCCGT	IVD
TTCCCACCTGCCGGTCGAGTGCCCTGCTGTCTCTGGACTTCCCATCGGCCCTCAGGGACGTAAGTCTGCCTAGAGGAGAGTTGACACA	LOC285638
TGGGAGGATCTACAGCAGGACTTCCAGAACATCCAGGAGACCCATCGGCTCTACCGCCTGAAGCTGGAGGAGCTGACCAAACTTCAGA	TMEM120A
CCCTCCAAAAAAAAAAAATCACCCAGCCGATTGGGGGTTTCCCATCGGCGCACCCTGCCCGGAGCCAAG	LOC112268114
CAATAAGCCCACCTTCTTTCCCGTCGCCACCCCGGAGACGCCCATCGGGCTGAGCTGCGAATAACTAAGAGAGAGGCCAAGCCAAGTC	LOC112267871
ACACGTGGTCGACTTGAGAGTGCCCAGGCCACTTTCCAGGCCCATCGGGACAAGTATGAGAAGCTGCGGGGAGATGTGGCCATCAAGC	ARFIP2
TATGGCAAAGATACTTGTTGCTGAAGGTACCAGGGATGTTCCCATCGGAGCGATCATCTGTATCACAGTTGGCAAGCCTGAGGATATT	DLAT
TGGGATGGTGGGGTACCAGCCACTGGAGGGGTCATCCTTGCCCATCGGGACCAGAAACCTGGGAGAGACTTGGATGAGGAGTGGTTGG	THY1
