CTGTATATTTTTGAGGAACTGCCAAACTATTTTCCCACGTCCATGCACCATTTCACATTCCCACCAGTAAGTAAGAGGGTTCCAATTT	NEAT1
CCATCCCTCCAGCCTTATCTGTCATCACCATCAACCCCTCCCATGCACCTAAACAAAATCTAACTTGTAATTCCTTGAACATGTCAGG	PCA3
  TGACATTCTTCTGGACAATGAGTCCCATCATCTCTCCACCATGCACCTTGTGACTCCCTCCTCTGCTGACAACAGATAACCACCTT	UCA1
GACATTCTTCTCCTGGACAATGAGTCCCATCATCTCTCCACCATGCACCTTGTGACCCCCTCCTCTGCTGAGGATAACCACCTTTAAC	UCA1
ACAGTGATCTTCAGTGGTCTGGGGAATAACGCTGGTGGAACCATGCACTGGAATGACACACGCCCGGCACATTTCAGGATACTAAAAG	PVT1
ATTTGGACAGTCAAGGTGCGTAATTGTTAAGTGAACACAACCATGCACCTTAGACATGGATTTGCATAACTACACACAGCTCAACCTA	XIST
CATTTGGACAATCAAGGTGCACAATTATAAGTGACCACAGCCATGCACCTTGGACATTATTGGACATTAATGTGCGTAACTGCACATG	XIST
CATTTGGACAGTCAAGGTGCACAATTGTATGTGACCACAACCATGCACCTTGGACATAAATGTGTGTAACTGCACATGGCCCATCCCA	XIST
CATTTGGACAGTCAAGGTGCACAATTCTAAGTGACCGCAGCCATGCACCTTGGTCAATAATGTGTGTAACTGCACACGGCCTATCTCA	XIST
AGTTTCCCATGGCATAATAAAGTATAAGCATTGGAGTATTCCATGCACTTGTCTATCAAACAGTGGTCCATACTCCCAACCCTTTTGC	XIST

CCTGGGCCAGCTGGACTGGTACTCCTGGATCCCTAATGGCCCATGCACCATGCAGAAGCCCCCGCCCATCTCTAAGGATGTGACAGAG	ALOX12P2
GCAGCCTTCGCACTGCGCCTCCTCCTGGCTGGGCTTGCCCCCATGCACTGCCGGGACGCCTCCCAAGCGGCTGCCTGCCACTATTTCA	TRPC2
CCTGCTGGCCACAGGTGGTAGAATGGATGAATGATGTAGGCCATGCACACAATGGAGCACCAGTCAGCAAGGAGCATGAGGGAGCACT	KCNQ1OT1
GTAATCAGGTTGTACCAGAGGAGGAGATGGACGATCAGAGCCATGCACCTGTTTCCTGCACCCCCTGCGCACTGGTTCTATGGCCACA	CYP4Z2P
GCTTTGGAAGCTGCTTTGCAGTTTGAAGACACCCGGGAATCCATGCACGCATTTTGTGTTGGCCAGTATTTGGAGCCTGACCAAGAAG	HERC2P2
CACCATCTTTCGTTTGAGTCTCACGGCCATGAGATCAACCCCATGCACCGCTCTGAGACCT	SNORD32A
CACCATCTTTCGTTTGAGTCTCATGGCCATGAGACCAACCCCATGCACTGCTCTGAGA	SNORD32B
GACAGCTGTCTTCTCACTGTGTCCTTGTGCGGTCTTCCCTCCATGCACACACATCTCTAAGTTTCATTATGTGCCCAACGTTCCTCTT	EARS2
CTAATGGATATGGATGGCAGGAATGCTGCTGAACATTCTACCATGCACAGGGTGGCCCCACAACAAACACCTCTCAGGCCACTAATAT	GTF2IRD1P1
GGGTGGGCCTCCCATGCCCCACCGTAGCATCTTTGCCCCCCCATGCACTGCCCAACCACAATCGCAGCCTGTCCTACAATAATGTGCT	ZDHHC8P1
TAACACAACTTTTGGAGGAAGATGGGGGATTTTACTGGTGCCATGCACTATTCCAATTAGACGAGAGTGAAGAACACATTGAGCTTGT	EMBP1
CCCGGAACAGGACAGGACCAGGCTGTCCCCTGGAAGAATCCCATGCACACTTGGCTATTCAGGGAGTTTCCACCCAGCCGAGCTCGCC	LINC00654
GGAAGCGCAACGGCAGCTAGTCTGAGGGTCTGGACGATGGCCATGCACAGATGAGGACAGAGGAGCCACTGTAGTGACTGAAGCCCAC	LOC652276
GAAGGCAGGCGAGGATAAGCTAACGATGCTGCTGTGGCCTCCATGCACTCAGCAAGAGTGGGATGCCTCTGCTGGGCCGTGCACCAGG	RNF216P1
GACGGTGGCCTCTTGTGTTCAGGGACAAGGCAAGGAGCATCCATGCACCCCCACAGTACCCAGGCTGGGTCTGTGCCCGCCAGGCCCC	PSMG3-AS1
TCCCAGAGAGTGGAACGGCTTGCTCTTCTTTCTAGAATGTCCATGCACTTGGGTTTTAATCAGCAGTTCCCTATTATTCTGATTTTAA	MKNK1
AGAATGTAGGCAGGAGAAGCTGTAAAAGATTCTCACCCTGCCATGCACACTGATGGCTCACATTCTAAAGAGTCAGGAGTCATTTTGG	UNQ6494
GCTGAGCTGCTGCGGCTGACGGAAGATGCTGTCTACACCACCATGCACTTTTCCAGGCCCTTCCGCTCCTGCGACCCTCATGACCTGG	MOXD2P
AGATTTTATCAGTAAGAAAAAACCAGTCACCTCTGCCAGCCCATGCACCATGTTGTCCTGCCGCTCCACTGTCCCACTCCTCCACCAG	ACTG1P4
ATTTTGGCATAGGCATCACATATTGCTGGAGTGGAAAGACCCATGCACTCAGGTCCTGCTTTCTATAATCTGTGACCTCGGGCCAGTC	KDM7A-DT
ACTATGTGTTTCCCTTGTTTATTTTGCTTATTGTTCATTTCCATGCACTAGAATATAAGCTCCGCGAGGGCAGTATATTTTGTCTGTT	LINC00887
TAGATGCCCACCTCCTCCATGCCTCGGCGCTCGATCTCCTCCATGCACTGGCGCACGATGTAGGGCACCTTGGACCTCTCTCTCCTGC	POM121L8P
GACGCCGTGTTCCCTGGGGCCTGACCTCACCGTGCAGTGGCCATGCACAGAGAGGAGAGACCCACACATGCTCTTTTCTGCAGAAACA	POM121L10P
AGTACCTTCTCCTACATCTAGTAACAAAGAATGGTGATAACCATGCACTGGTTCAAGGTTCTGGAGTTCTCCATGAAACTTGGGTTAA	UBAC2
ATTAGACAGCAGTTTCCTAATCATTGTCCATCCCTTCTCCCCATGCACACGATTCAGCCCTTAGGGTTATCTCTGGATACCCATCACT	LINC00488
AAGCACTCACATCAACGGAGCCTCAGAAAGGGAGCTGAGGCCATGCACGGCCCTGCAGTTTCTCCTCAGGCTTTGGTTTGCATCCCTG	LINC00242
TGACTTTGGCTAGGGATGGAGCAGAGCTTGGGCTGGCTTTCCATGCACGGGCAGGGGGCGTGGCTCATGGCTACGCTCCAGCCCCGGG	FAM30A
TGTGTACAGACACACAGCAGAGCCACACACACACTTGTGCCCATGCACACACTCACAGGAGGCCCGTGGACTCCGCACAGGGAAGAAA	FAM30A
TGAGTAGAAGCAAAGAATCATACTCCAGATGAGAAACGCCCCATGCACTGAGCTGAGACTGGAACTCTCCTCTTCTTACTCTCAGTCC	SATB2-AS1
TTGTGGAGGTTGTACCCCAAGTCTCTGGGATAAGACAGCCCCATGCACATAGAGGTCATGAAAAATGTGAGGACCCTGGACACTGAGT	SILC1
AGATCCTGTGACCCGCGGAGGCAGACCTCAGACATGTTCCCCATGCACAGAAATGACTGGGGCTCCAGTGTGTGCACCTTCAACTCTG	FOXD2-AS1
TGCCCGCTGTGGCACAGCACCACCTGGTGGCCACCCCAACCCATGCACCTCCCCCCATCCCAGTACCCTGACAGCAAGCCAATGAAAG	MGC16275
CAGAAACCCACCCCGGCCCACGCCCTTGCCTGTCCAAAATCCATGCACATGCTTCTTCCCATGCTCCCTCTGGGGGAGGTGTGCTAGG	LOC90246
GGCTGCTCACTCAGGGACGCCAACACCAACAGGAAGGGACCCATGCACGGATCTGACTTCCCTCCCAGGCTCTGCCTTCACTCAATGT	AATBC
AAGTCATCAAAGCAGCCAAGACAGGTCCTGTGGGGGCCACCCATGCACAGGGCCCAGCCTCGGGTCCTAACCCCGCCTATGCTTTCCG	TTC28-AS1
GGGACAGCCTCTGGGGCAGCATCACCACCCACTCAGTCCTCCATGCACCCCCTTGCGCTATCACGTAACTTGGATCAGGTCCACGCGT	DKFZP434A062
TGCCTATAGCTCCCCGCCCCACCACAGCCAGCTTGCCTGGCCATGCACAGTGGCCAGACCTCATGCTCACTCATGCACCCTTCGCCAC	LINC02433
AGAGATGGGCGGCCCCGCCCCAGCGCAGTGCCGGCCACACCCATGCACTGAAGCTCCTCCCTGCCACACCCCAAGGCGGTTGCCGGAG	GOLGA2P7
ACCAGCTGCTGCTCTGGGAGGCTAGAGGCTCATCTCTCTACCATGCACCCTTTCCGAAGCTCTGTTCTCTGAGGGCTTCTGGAAATAC	FAM181A-AS1
CCACAGCCACACCGAGGAAAGCAGCCCCCACTGAATGTCACCATGCACCAAAGTGCATGGTCCTCGTGACACAAAGAGGGGAGATGAC	TINCR
ATGAGCAAGACATACTTAATGCATATTTCGGTTTGTGTATCCATGCACCTACGTCAGAAAACAAGTATTGTCATGTATTCTCTGCATA	SSX8P
CCCTAGACAAGCCCGTTAGCAAGAAGCACCGGCAGGGGAGCCATGCACTCCATAGGCTTGGGATCACCCCCGGGAAAGCGATCTTCCC	GLG1
AAGTCCCCCTCTCCATGCTGTACTCTCTGGAAGGACGTCGCCATGCACAGCCGACACTTAGGGGTATGGGTTGTGCTCCACTTCCGAG	LINC00475
TGCAGGATAAGGGAGTTCACGGACCATAGGGTGAGTGAACCCATGCACAAATTGCAAACTGCCCAGAGCTACTACATTTAGGATTTTT	LOC389834
AGGCAGGAGGAGATGTGGTCAGTGTGGGAGCTTGGAGGGGCCATGCACTTCCGGAGAAGACCACCGACTCATGGCTTTGGTGGAGGGG	ARHGAP27P1
CAGGTGTCGAGGGCTGCCAAGCACAGACTTCTGCTGCCAGCCATGCACAGTGCCAGCTGCGACAGCAACGCCTCTGCCAGGAGACTCG	COL18A1-AS1
TGTCATCAGATCCACGGCCCTGCATCTCTGCCACACCCCACCATGCACCTCCAGTCCTCCCGGCCTGTGGCTTCCAGGGCTCCAGGAA	LINC00346
TAAAGAAATAAAGCCTGCACCTACAGATCTACACACATGCCCATGCACATGCAGGAAGTGTTCATCTAAGACTGGACCTTTTAGAAGA	LINC00922
AGCTATACGATGTCAGCAGGGACGAATACATGAGGGGGCTCCATGCACAGCTCAGGGGGCTGCAGACCCCCCCCCCCCCATGAGCCCG	LOC100132831
ATGAGCAAGACATGCTTAATGCATATTTCGGCTTGTGTATCCATGCACCTACCTCAGAAAACAAGTATTGTCAGGTATTCTCTCCATA	SSX6P
AATTCTCCTGCCTCAGCCTCCCAAGTAGCTGAGATTACAGCCATGCACCACCACGCCTGGCTAATTTTTTGTATTTTTTTTTTTTTTT	LINC00942
CCGCGCCTGGTGTACCTCTACATGTACAGTAAGAACGGGACCATGCACGGCTTCGTCAACCACACCCTCTCCTCCTTCAACGTCAGTG	ANO1
CTGGGCTTGTGCTTGGGGAGTGAATGATGGGTTCTGACCCCCATGCACCCCTGTGGGCCCCTGGCATCACTGGCCCCATCCTTCACCC	MIR1257
GGCCTTCTTCGTGGCCTCTCTGTTCTGCGTCGGGCCCCTCCCATGCACGCTGCTGCTCACCCTGGGCTATGTCCTCTACGCCTCTGCC	SMPD4
TAATGATTTACCATCCAAGCTAATAGTTCTGGGTCAAGTACCATGCACATATTGTTCCAAAATTATGTGAAACGTATTTCTTTAATTC	GK5
CAAGACTTGGGTCTCACAGAAGTTACCTGGTGCCAACATCCCATGCACCATCGTGGAGACTGGCTGGATGCCCTGTGCTCTATCAGGG	GRIK1-AS2
TGCTTTGCTGCTCACAGAGTCCAGGACATGAGAGCCGAGCCCATGCACCAGTGACTCACGCCCCGGCACAGATGAGCCCAGAGCCCGG	LINC01056
CAGCTATTTCACTGGATTTGAAAAGACTGACTAAAAAGAACCATGCACTGTAACTCTCAAGTATACAGGAATATTGTTATTAGGATGG	KIF9-AS1
CCCTTGCCTAGCCCTGAATTGCTTCTCTAAGCTGGTGTTCCCATGCACAGGGCCATTCAGGAAGGGCTGGGGGAGTGTGTGTGGCAAT	ABTB1
CTGAAGCATGCAGTTCTGTGGTGCTGCTCGGGGATGGACTCCATGCACAGTCCACTTCTTGACACATTCTCACACTGTGGCTGGAGAC	DGCR2
GAGGAGCAGGCCTTGTCACAGGATGGGTCTGGGGAGAAGCCCATGCACACAGCTCCTCCACAGGCCCCGGCCCCGCCAGCCCAGTCCT	ATAT1
GTCTCCATATCCTAGGCAGTAGCCGGGTCAGTATTCCTTACCATGCACATTTGGGCAATAGAGGTACTGGACAATATAGGTAAATTCA	LINC00548
GGAGTGGGACGCTCCTCATCAGGAAAGAGGAAAGAATGACCCATGCACGCAGCAGCTTGGAAGAGTCTCAAAAACAAGATGCCAATGA	LINC02139
AGTTAGAGCCCTACTGAGTGAATCTCTTGTTGGGTATTTTCCATGCACTGTCTCGTTTCATTCTTACAATAAACC	FRG1HP
TGGCTTCTGTTAATCTCTCCTTCAGCTTCTCCCGCCCTTCCCATGCACTCTTCCTGTTTCCCTTTCCAGTTCTCACGGTGACTCAAGG	LINC00881
CAGATGGAGAGTGATAAGGATAACTTCTGTGAAGACAAACCCATGCACACATCCTGTTGTCCGAATAATGTTTAAATGAATCCTTCTG	LOC100131257
GCTTTGGAAGCTGCTTTGCAGTTTGAAGACACCCGGGAATCCATGCACGCATTTTGTGTTGGCCAGTATTTGGAGCCTGACCAAGAAG	HERC2P3
AAGGACCTGTACACCAATGTGGTGCTGTCTGGCAGCATTGCCATGCACCCAAGTATCACACACAGGATGTAGAAGGAGATCACTGCCC	ACTG1P17
TCCCAGATGGTTTTCTAATGTCACCAACTGAAGAAAAGACCCATGCACACAGGACACAGCATGATCTGATGCTCACAGCGTTTTCCTT	LINC01120
TGGTTCCTGTTGCAGACCCTAATCGACAACCCAAGACTCACCATGCACAGAAAATTAAAATTAGGGCACAGTTCCCAGGAGTCCCAAA	SUGT1P4-STRA6LP
AGATTATACTGTTCACCAAGCCCTGTTACGAACTCTGTTGCCATGCACGTGGGAATAATGCCTGCCCCAAGGGAGGTCTTCTTTAACA	KCNJ2-AS1
ACCGCTCCTGTCTGGGCCCTGAGTGCTGAGGAGGAAGCTGCCATGCACTTTTCCCTGGCATTTTTCCTGCATGGAGAGAGAGGTCCAA	BCRP2
ATCTTTCATCCCATGACTCAATCAAAATGGAGATTGTGGACCATGCACTGCATGCCTTGACAGATGAAGTGATCATTCCTCATTCTGG	TMX2-CTNND1
GTCGTGGTGGTTCGGGACAGGCCGTTCCAGCGGACTGTCACCATGCACAAGGACAGCATGGGCCACGTCGGCTTCGTGATCAAGAAGG	FKBP1A-SDCBP2
CACCTTCATGTCACGTGTTTGAAATTCTGGATGGACAGACCCATGCACCTTCATGTTACGTGTTTAAAATTCTGGATGGACAGACCCG	ZNF778
CACCTTCATGTCACGTGTTTGAAATTCTGGATGGACAGAGCCATGCACCTTCATGTTACGTGTTTGTTGTGGAGAGGAGTGGGTTGTG	ZNF778
GGGTTGGACGGTGCCGTTTCAAAATAGAGGCACAGATGCTCCATGCACGAGGGGTCCCCGGGCACTGGAACAAGTGCCAAGTTGAAGG	TEN1-CDK3
AGTCCCTCGGCACACAGGCATATCAGCTTTCACACTTTCCCCATGCACTCTCTCCCACCCCCTTCCAGGGCCTCTGCTCCAAAGGAGG	TMEM256-PLSCR3
GCAGTGAGTGTGGGAAAGCATTCCATAGTTCCACATGCCTCCATGCACATAAAATAACTCACACTGGGGAGAAGCCGTATGAATGTAA	ZNF625
AACCCCAGGTGGCCTCTCGGGGGTGCCCTGCCCCACAGGGCCATGCACGGTGTGGCCCTCCCCGGTGCTGTCACGTCTGAATGTGGCC	LINC01107
CCTACCATGTTCCCTCCGAAGGACCCAGAAAAGCTGCAGGCCATGCACCTGGAGCGATGCCTTAGGATATTACCCCATCATCAGAATA	NSUN2
TTTCTTAAGTCGGCCAAGATGTACTTCTCTGTGTGCACACCCATGCACACTCATGCACACAGATACATAGGTCTGTATGGCTGTATTT	RHOU
GGGCGGCAGCCAGAGTTCCCTGAAGTGGGAAGTCAGAGCTCCATGCACACAGTGTCTTCAGAAGGTGAAAATAAATATTTCCCTGTGC	NSFL1C
GTGGAATTCCTCTTTAACAAGGGCTGCAATGCCCTCATACCCATGCACAGTACAATAATGTACTCACATATAACATGCAAACAGGTTG	FUT8
GGCCTAGGGTGAGCCTTCAACCTAGAACATACCACTGTCCCCATGCACCTTGCTCACACACCCAATCCCAGACTTTTCTTTTGTAGTC	FAM21EP
GCAGCCCCAAACCCACAGTCAATGCAGAGGCAACAGCCTTCCATGCACTTCTTCGCCAGCTCCTGTTGTGGTCTCACTCTTGCAACTG	LINC00865
ATCAGAAAAAACAGCAACAACAACAAAAAGCCATCCAGGGCCATGCACAGTGGCTCACTCCTGTAATCCCAACAGTTTGGGAGGCCAA	BSN-DT
ACCAGCCCTCACCAAGTTACCCCTGTAAATCCTTGTCTCCCCATGCACCTCTACTTTGAGTCAGAAATGGATTCATTGCAGGCTCAGT	SH3PXD2A-AS1
CATTGCACCCTGGGCTCTGGGCTGGCTCTGCACGGGCCTGCCATGCACTGACTTCAGCTTCATCTGAGTCAGTGGAAGGCTGGACAAA	LINC00856
GAGCTGCCAAGGGCTCTCCTGGCCCAGGGAGGAGCCCGTACCATGCACTGAGGACCTCCCAGGTTCCAAGCTCTGGGCCAGGCTAGAA	LINC01743
GAGTCTTGGAGGAGCCAGTACAGACCAGCTTTTGATACAGCCATGCACTCTGCATTTTGATGTGAAAGCTGCCACCTTCAATAGGTCA	RNF41
GACTCGAAGGACCCCCTCTCCTCTTCGCTGCAGCCCCTCCCCATGCACGCTGGGAGACTCTTGGAGGGGATAAGGTGGGGCCCGGAGA	SMG7-AS1
TAGAATCAGGATTTGAACCTTTGCAGTCCGATCTCAGAGTCCATGCACATAAACACTACATCATAAAGCTTCTTCTTTCTGGTTCACT	RRS1-AS1
CACAGCCAGGCCAGCAGAGCGGCAATGTCCACTCACACAACCATGCACATGGCCACTGTGTCAGCTGCATGCCTTCCCCACTCCCCAG	LINGO1-AS1
AAAAGGGGCAGGTTCAGGGGCCCGGTGCTCTTCCTCCCTTCCATGCACCCCCATGCCCATTTGCACAGCTGCCCAGGTACCCCTAACA	ZBTB7B
ACCCTCACCAGCCTCAACATCCCACCCGGGCCCTACAGCTCCATGCACAAGCTGCTGGAGACACAGAGTACAGGTGCCTGCCAAAGCT	CACNA1G
CTTGAGCTGACTCTCCAGCAGCCGAGAAGGTCTGTGCCAGCCATGCACACACCCCTGAGCGTGTCCCCTGCCAGGACTAAGCACGGGC	LOC401557
CCACTCATAGCCGAGGGCCAGCGCAGTGCCACGTCACAGGCCATGCACCAGCTCTTCGGGCTGTTTGTCACACTGATGTTTGCCTCTG	RHBG
CCTGGGTCACCGCTGCCGGAAAGAGCCAGTTCCTGTCCGTCCATGCACCCACCACCAAAACCCAGGCCTTCCTGGAGGTGCTAGGGGA	LOC254896
GAAGGTGTTAAGAGCCATATGAGTGAGCAGTGGCCCAAAGCCATGCACATCAGTGGCTCATTTAAGGAATGAATGCCATTAGATGGGC	GRIA4
GGCCAGCAGGTCAAGGTCGTATCCCAGCTGTTGCGGCAGGCCATGCACGAGGGGCTGCTGATGCCCGTGGTGAAGTCAGAGGGCGGCG	POLD1
GAAAAGAGCATCCAATCCCTCTGCTTTCCTGCATCGGCTCCCATGCACAAGCAAATGTGTTGTGTTAGTGGCTATCAAATATTCATGT	LINC00280
TGATCACCCACAAAACCCTGGGGCCATTCCAGCGGCAATTCCATGCACTCCAGCTTCACATGTGCCTTCAGGATCTCCTTGCTCCTCC	STEAP3-AS1
CGGTGGCCAAACGTAAACTCAGGTCTCTTGAACCCCAAGGCCATGCACTATCATCTATTAGCTTCTTGGAGTTTTTCCCCCTTTATAT	CCDC13-AS1
AGGTCTGTCGCGAGCAACCCTACACCATGCACCAGCGCCACTGCTCCCAGCAGGAGTGGGTTTTGCAGCGGT	PRRT3-AS1
TGACCTAGTTACTCCACTCAGGTCTATATAAAAGAGAAAACCATGCACATATGGAACATGCACAGCAGAAAATGTGAAAGAATATCTC	AIRN
GACAAGGATGGGCACTTGGATCGAGATGAGTTCGCTGTGGCCATGCACTTGGTGTACCGAGCCCTGGAGAAGGAGCCCGTGCCCTCCG	EPS15L1
TTTTGATGCTATTTTCTTAAAAATTGTACTTACTGCCTTTCCATGCACCTGGATGCATGAAAAGATGAATAAGTGATGGTCATGGTTA	ATPSCKMT
CCCCGTTAGGGCATGAGCTGCTGAATGATTCATGTGAACACCATGCACATGGGAGTGAGGTTTTGAGCAGTGTGCCACAGGAGCCTAC	LINC-ROR
CCTCAGCCTCCCAAGTCGCTGGGATTACAAGTGCCCACCACCATGCACAGCTAATTTTTGTGTTTTTAGTAGATGGGGTTTCTCCATG	SIKE1
GTACATAAACTGGTACCTTGTAATGAAGAGGCAGCTGATGCCATGCACTTGTCTGAGGGCATAGCTCCATGTCTTCTGACATTCCTGG	CNOT1
AAGAGCCACTACGCCGCCTTTTCGGTGGGCCGGAAGAAGCCCATGCACAGCAACCACTACTACCAGACGGTGATCTTCGACACGGAGT	C1QTNF1
AGATGGTATTGAGTGGATGCTGTTATATATACAGCCATGCACTCTGTAGTTTGGGTACACAGTGCATGGCTGTATATATAAC	MIR5011
GGCCCAGCATCAGGTTGGCGCATGCTGTGATCAGCTACCTCCATGCACCACACCAAGCAAAGCTCTCTGGGTGACACAGTTGCCACCA	C18orf61
GAAGCTGGAGGAGGTCGTTCAGATTCTAGGAGATAAGTTTCCATGCACTTTGGTGGCACAGAAAATTGACCGTACAGGGGCCCGTGCT	ITPA
ACAAGGAGGAGCCAAAGGACCTGGTTTGTTTTTTATTCTGCCATGCACTGACAGCTTCATCAAAGTGGACATGAGAACTATTTCATTT	STOM
GTTAAACCATTAAATCTGAGCACTGTTAGACTTGATTAATCCATGCACATGATTTTTTTTGAGTAGGGAGCATTAGTACCTGGTGCTA	SLC16A7
GTCAATGTGCTTCTGGGGCCCCTGTGACTGCTGCCAGATGCCATGCACACAAGCAGAGTGCCTTTGCAGGTTTGTGCACCCCTTGGCG	PRKXP1
CAGCGGGCACTGCACCAGGGGCACTGGTACTGACCTTGGGCCATGCACCTGATGCCTGTGAGAGTGATCTCTAGGAACCACTGCACAA	ANKRD20A19P
CTGGTGATCCCCGTTGCTCCGCCCACTGTGACCTTGAATCCCATGCACTGTGACCTCCCCCCTTCTCCTCCTTCCCACTGTGATTGGC	LOC100130075
ACTGTGATCCCCCTTGCTCCGCCCACTGTGACCTTGAACCCCATGCACTGTGACCTCCCCCCTTCTCCCCCTTCCCACTGTGATTGGC	SZRD1
GGTTGAGGTCATCTGCGAGCGCGGCTAGGCGCAGCCGCTGCCATGCACCGGTCTGTCCCTGCACCCCATGGCACCCAGGATCTGGTCT	VPS51
AGCAGCTACCTGAGCCTTGCCACTCTTCAGGCTTACACCTCCATGCACCTCTTCTTCCAGTTCAAGACCACCTCACCAGATGGCTTCA	NRXN3
AAACTGCTGAGCTTGATGGGGAAACGAACCTAAAAGTCCGCCATGCACTATCAGTTACTTCAGAACTTGGAGCAGATATCAGCAGACT	ATP8B4
TCCCACGCACCTCTACCCCACCCCAAGCACCTCTCTCCCCCCATGCACCTCTCCCCAACAACACACACAGCCCCCTGCACCGCCCGCC	MGRN1
GAGCCCCAGGACACTCTGTGCACGCGGAGTCGCCAGCAGGCCATGCACATCGCGTCCAGCCTCTGCAAGCTGAGGCCTCCCATAGACT	MROH5
CCAGGTACTCGCCCGGCAGGTTTCAGAAGGATACACGGGCCCATGCACCTGCTTTTTAAACAAGTTTTAAAAACGTAACTAACTACAC	DNAH17-AS1
CCTCGCTGGAAGGAGTGGAACCCAGACTTGCTGGTCTGATCCATGCACAAGGCGCGGCTACGAGGCCACTGTGCCCGGGCAGGGAAGT	DHRS4L1
ACTATCTTCACTGTCCTGGAGTTCTTCACAGCGGTCATTGCCATGCACTTCGGGTGCCAAGCCATCCATGCCCAGGCCAGTGCACCTG	MS4A15
GGTCTTCCCTGAAGCATCTCCAGGGCTGGAGGGACGACTGCCATGCACCGAGGGCTCATCCATCCACAGAGCAGGGCAGTGGGAGGAG	LILRB1
CCTGGTCCAAGCCATCCCTGCCTTGCTGGCCTCCTGGGGCCCATGCACCCTGTTGACATTCCCCTCTCCACTGCCCTCCACTCAAAGC	IBA57-DT
TGGATCTGCCTGTTGGTGGAGAACCCTAGACTGCATGCAGCCATGCACATGATCTGGAGACACAGCAGAGACAAGGTCTTTGTCTGTT	HYDIN2
CCTCACTAGACAGAGGAGCTCCAAACCTGCCCATCTCATCCCATGCACCTACGGTGCCTGGCCTGGCTCCAAACTCCCGAAAGGAACT	FAM27E2
AAACACAATTGGTATACTCTTCCCTCCCCTTTGATCTTTTCCATGCACCACAAAATTTAAAACAGGTTAACAGTTTCGAAAGGTCATA	LOC100506551
CCTCACTAGACAGAGGAGCTCCAAACCTGCCCATCTCATCCCATGCACCGACGGTGCCTGGCCTGGCTCCAAACTCCCGAAAGGAACT	FAM27E3
CCACCCCGACTTCTTGGGTCTTACTTACTCTCCACTTCTGCCATGCACGCTTGATGACTGTGGCAGCTGCATGCAGCCTCTGGATGTG	ZNHIT3
TATTGATCCCTTTACACACTGTCAGGAGCTTATCACTCTTCCATGCACAGCTGGCATATTGTATAGTACAGTTTCTGGAGAAAGATCC	PPP2R5E
GAGACACATATAGATACTGAGACCTGTGTGTACAGTAGGACCATGCACTCACACCCATCTGGAGAGGGAGCCCCCGGTATACCAAGGG	SIGMAR1
CTTGGGGAGCCTTCCAGACCACCTCAGCCCTGAGGGGCCTCCATGCACACACCACCTTAACACCCACCTTAAAGGAAAGGTCTCCATT	LOC100128494
TGCAGCTATGAGACAGATCTGGCTTCAAATCCAAGAGTTGCCATGCACTTGCTGTGTGACCTTGGGCAAGTCACTTCACTTCTCTGAG	ZNF341
CTCATCTCCATTGCCTTAATGCCAGGTGGCCCAGGAGTACCCATGCACAGCAGCTGTGGGGTGTGGGCATCTTCAGGTGGTGTTCTGG	GUCD1
GAAGAAGAACCAAGTGAAAAATCAGAGGCCACCTACATGACCATGCACCCAGTTTGGCCTTCTCTGAGGTCAGATCGGAACAACTCAC	JAML
GTGAAGGTGCAGGAGCGGTACGACAGTGCCGTGCTGGGCACCATGCACCTGCACCACGGCTCCTAGAGACGCTGACCTGGCTCTCGGA	ANKRD10
CATTTATCAGCAATTCATTCATTTTTAGAGGATACTTGGTCCATGCACATGTCAGAGATTGTTGTAATGTTTCTTTCTTGCAATGATC	LOC100506688
ATCTCTTCTTGGAACAAAATTTTGTATTTGGACTCTGGCACCATGCACCACAGATGCAAGCAAGAAGCACTTCTACCTTCTGAGGCGG	FGF10-AS1
CAATGCATGTTGCACAGGTCTCCTCACCAGTCTGTGGCTTCCATGCACATTCTGGGGATAGCAGCACCTATTTGGATTTCCACTGAAA	CLSTN2-AS1
GCTTTGGAAGCTGCTTTCGAGTTTGAAGTCACCCGGGAATCCATGCACGCATTTTGTGTTGGCCAATATTTGGAGCCTGACCAAGAAG	HERC2P4
CTGCCCGGCTACTTATATCCATTGTACCCATTTCCAACAACCATGCACCCATGGCTTTGCCCAGAGTCCCTGGAATCTTTTCAGGTTC	LOC100506188
AAAACTCCCTTCTGTTCAAAAACCCTATGATCCATGCACCCTCTGTCTAATCCTCTGCGATGGGGCCAGTCTGCAGATC	LINC00513
AGGTGGTTCATTTCTGTTCCATATTCTACAAAATGATATTCCATGCACGTTCACATGGCAGTGGCAGAAGAGAGTAAGCAGAAGCCAT	LOC101929413
CAACTGGTGACCCCAAATAATTTTCCATGGTGTTCATCAGCCATGCACACACTGTATTACTGTCATCATTCCTAGCTTTTCCACTATG	TARID
GAGGACCAGGTCCACCATCGCCCTCCCGCCAGCGAGTACACCATGCACCTGGGTCTCAAGTCCACCGGCAACTACGTTGACTTCTACT	CTNND2
GATTTACATAAAAAATCTTACACATCTGCCACCGGAAATACCATGCACAGAGTCCTTAAAAAATAGAGTGCAGTATTTAAACCACCCG	LRPAP1
ACAATATTAAAGGACATGTAATACAATTCAAATATTCCTACCATGCACGATTGTTTTCACTTCTTTGTGCCTCTTTCACCATTTATTT	LOC101927391
CCTCCAGACCCCAGAATGGTAGATCCACCTACAGCTTGCCCCATGCACCTGGAAAAGCCACAGACACTCAACACCAGCCCATAAAAGC	LOC101928254
TGTCACTCCTCTAATTCAGAAATTTCTCTCCTTTCTTCCCCCATGCACCCCAATCTCATATAGTGGTGTGATATGATTTGGCTCTGTG	LOC101927884
TGTATTGAAAATTCATCTCTTTAAGACCTGGATGGGCTTCCCATGCACCGTTAGTTCCTGTATCCATAGATGAATGCTAACTTCTTGC	LOC101929657
GAGCCACCCTGCCCAGCCTGCTCCAGCAAATCTTAAATATCCATGCACACTGAATAAACATGCACCTGAAACAGGTGCACGTTTCAGG	THRIL
TCCTCTGCCTGGGTGGCCTCTGGGAACACGACCACTGCCTCCATGCACACCACTTGGACAAGCTGAAATTTGAAGAGGCCCCTGAGCT	LINC01284
GCAGATGGGGTCCAATTACTGCTGCTCACGGCTGATCACGCCATGCACTTGTGTGCGGATACCTGGCTCCTGGTCTCAGGCACCTAGT	LINC01422
ATGTTCTAATTCTGGGCAATAGAATAATTGGCTAGCAACCCCATGCACCCACGTCTTAGCAGGCATGAATATAGCCACCAACTACCGG	CHMP1B2P
AAGAGCACACAACGACAGGCACCGACACACCACCGGCAGGCCATGCACCAGCAGAATGATGCGGAGTTTGACGGGGCAGTCAGAGAAG	LOC101926892
TCTGGAACCGTCTGAGCCCAACTCTCTTCTGAACTGAGGCCCATGCACCTGCTCTGATGGAGCCAGGCCCTGACTGCAAGTTTCCTCT	LINC01648
CCATCAACAGAATGGAAAATGAATGATGCCCTACTCACTACCATGCACATAGACACAGCAACGGGATTGACATGCCCGGCTACACACA	MIR762HG
GCAGGTGCAGGGCCTGCTGAGAATGCAGCCTCTTAAGCACCCATGCACCCACTCTTCCCAGACCTGGGGCGACTCATGGCGTGCTCAC	KPTN
TATCCTCTACCCTCTCCCAGAGTCCATCAGGCAGGGACGCCCATGCACAGGCAGGATCGGGACCATCAAGATTGTGACAGCAAGAAAA	LOC286083
TGCTGCTGGCCTGTCGGGCCCTCTTCTGTTGCCATGGAAACCATGCACCTCAGTTTTGGCAGCAGACCAGCTGGACAGCGAACTGAGA	LINC01521
TCCTGCAGATTCTCTGCCTACTGCGTGCCCCTTTGGGGGACCATGCACCTATTCTTCCCCTTCCAAGTCCCTGAGATGTTCATTTTAA	LOC101927583
TCTTTCCACTACATAAATTTGTTAAACAATGGTGGGTAAACCATGCACCTTTTTTTCTTTTCGTATTTTGATTTCAGTGTTGTATCCA	PRSS23
GTCTATACAAATGGTCTCACCTGGCAACATATTTCCCAGCCCATGCACCCCTCCCCTATCCCTGATGCCCTAAGGACACTGCAGAGAC	LOC100507388
AACCTGGAAGAGCTGGACTTTATTTTGCTTGCACTTCTGTCCATGCACTCTCTCCAGCAGTTGACATTTGCCCTCTTTGATGGCTCCA	NINJ2-AS1
ATGCCGTTTATTTTATTTAAGCTAAGAATGCATATGTAACCCATGCACATAACCAGTAGCTACTATACTAATCTGGTTGAGCATGAAC	DENND1B
CCCCCAGTACACATGACCAAGGGAAGTAGATCCAGAGACACCATGCACTCTGGCCCAGAAACCCTCTGCTACCCAGCTTTTGACTTAA	PPCDC
CCACAGAGAGGAGGTGCTCCTCATCACACCACATGGGGGTCCATGCACCAGTGCCACTGCTTTCCAGGGCTCTTCACCTTCATCACTG	LINC01471
GTCCTTGCACTCTCGAAGGAAACAACCACCTTAGAAAAAACCATGCACTTTCGGCGGGGGCTTAATCACATTAGGTTCTCTGTGTAGC	MAP3K5-AS1
CGATCCCAGCAATCCAGGTGCTTACAGGCTGATTGTACAGCCATGCACACAGAGTGCCACGATGCAAAATAGGATGTGGTAAGGGTCA	DHDDS-AS1
CTCTTAGCCCAGCACCCACTGCTGGGGGACTGAAGGGAACCCATGCACCCTCCTCACCTTCTTAAGCACCACAAATTCATTCTC	KRT73-AS1
TGATGCTCACCAAGGTTCCGGTCCTGCGGACAAGCCCCTGCCATGCACCTGATCGTGGATCTGGCCTCTGTGACCGGCTCTGGAAGTT	LOC285804
CCACCTAGGCAGGGTGATGGCTTTGTTGTAGACAGGGGAGCCATGCACAGCAGGAAATGGGGCAAACTGTAAGGGAGGAGACCTCCTA	MESD
TCCTACTTTGGCGGCGTGGACTGCAGCTCATACCTAGCGCCCATGCACTCACATCACCACCCGCACCAGCTCAGCCCCATGGCACCCT	OTX1
GACCTGGCGCAGATGGAGCAGAGCGTGGGGCGCCTGCGCTCCATGCACTCCAAGATGCTGATGAACATTGAGAAGGTGCAGATCCACT	QRICH2
TCATTGACCAGAAGGCTTTCTTAGTCCCAACAGCCATGAACCATGCACTTATGGATACCCAGCCTTTTAGGGCTACGTGAAATGCATC	ZFP90
AAAAAGCAACTGACACAGGTCACATGGGGCCACCTCAGACCCATGCACGGTGCAGCAGCTGGTGGGGTGGTTTGGAAATTGACTCCAA	PRUNE2
ACCTGGGAACCACCTTTGCCGCGGTTGACCGCTGGGCCCGCCATGCACCGCCCACACCTGGCTGTGCCTGGAGACTGAGAGCAGGGGG	LINC01679
AAGAGGACACATTACATGAAATCTCAACTTCATCCCTGGGCCATGCACACCTGTAGCTAATTTTTGTATCTTTCTATTTGAGTTCGGG	GRM7-AS2
AGCCCACTGACCTGTGTCCTTTACCCAGCAGGCCCTGGGCCCATGCACATTTCCCTGGCCTGGGTCTCACCTCCAACCCCTCTCAGAA	MIR194-2HG
AGAAACAGAAACCCCTTGGGACCTGAGTAGACGCAGCTGGCCATGCACAGGCAGAGGCTCTGGGTCAGTGCAGGAAGCAGAGTCCAGG	HLA-DQB1-AS1
AATCTTTACACCAAACCCCCATGACATACAATTAATTTATCCATGCACATGTACCCTCTGAACCAAAAATAAAAGTTGGAAAGTAAAG	LOC105379194
CTGGAGGTGATGCTCAGCGTGCCGAAGCGAGCCAATGATGCCATGCACCTCAGCATGCTGGAAGGGTTTGATGAAAACATTGAGTCTC	TRIO
CAAATTATACCTGGTTCTGTTTTGACAGATCTTCTAGATGCCATGCACACTCTTAGGGAAAAATATGGTATTAAATCCCATTGTCATT	JMJD1C
ACTTATTTCGAACCCCACTGCACTGGGCAGCTTTATTAGGCCATGCACAGATTGTCCATCTCCTTTTAGAAAGAAATAAGTCTGGAAC	INVS
CCCTTTCCGCCTCCCTTGCAGCTCAGGTTTCCTGGCTTCTCCATGCACTGTCCCTGCCCACACTCGCTTCTCCCCAAGCTCCCAGGTT	METTL22
GCCCGGGATCCCCAATCTGGCCGGTGGATGAGGCCCCATCCCATGCACCCGAGTGCGGGGGACGGGGGGGTTAATATTAATTCAGGAT	HOMER3-AS1
CTGGGGCTGCGGGTGCTGGATTTAGGCAGCCCCCAACTGGCCATGCACTCTATCCGGGAGATGGCCTGCACCACAGGAGTCCTCCAGA	DNPEP
GAGCAGGAGAAGATATCTGGGCAGTGCCCCTCTGAATCATCCATGCACTCCATCATTCTGAGCAAGACAATTAGGACTTAGCTTCCTT	LOC101929538
GACGGAAATGAGATGAGGCAAACAGCTTCCCGACCAGAGCCCATGCACCTTCCACGTCTGTGCAGGGAGCTCGGGGCCACATCCCGAG	LOC100130548
CCTCAGGCTGGGCGCGCTGGCGATCCCGAGGCCGACCAGGCCATGCACCTCCAGCCCGCCTGGGCACCCAAGCTGCAGCCGCCTTCTG	LOC100132249
GCTTTGGAAGCTGCTTTCGAGTTTGAAGTCACCCGGGAATCCATGCACGCATTTTGTGTTGGCCAATATTTGGAGCCTGACCAAGAAG	LOC102723753
CCTCAGGCTGGGCGCGCTGGCGATCCCAAGGCCGACCAGGCCATGCACCTCCAGCCCGCCTGGGCACCTAAGCTGCAGCCGCCTTCTG	FAM201B
TTCCTAAAGGGGTGGAGACAGGAGGAGCTGCTGAGATGAACCATGCACTCATCAGCCACGTGGACTTAACCTTAAGGATCTGAGAGAG	PKP4-AS1
ACTGGGCGCTCTGGCGGCCAAGCACAGATACCTTTTCATTCCATGCACACTGCAGCTGTGTAATCTCAGAATGGATATTTAGGGAAAG	FLNB-AS1
TCCAGTGCAATGCTGAATCTGATTCCACGTCATGGTCTTGCCATGCACAAGCAGTGCTGAAGATAATAAATTACAGAGATGATGAAAA	USP7
AGTGCAGTTTCACAGATCGTTGTTAGATCTTTATTTTTAGCCATGCACTGTTGTGAGGAAAAATTACCTGTCTTGACTGCCATGTGTT	RTN4
CGAGTTGTGGTGAAAGGCCTGGGGCCAGGACGCTTGTCTGCCATGCACGGACTGATCATGGGCGGCCTGGAAGTGATCTCAATCACAG	MRPS11
CGCTGCTGGCCAGGCTGGGGTGGGTTGCAAAGGCTTCCTTCCATGCACCACCAACCCTGTGGGCAGCCAGGGCCTAGCTCTCATGAAG	LINC01960
AACAAGTCAACTTCACAGTGGACGAACACAGGCATCATTTCCATGCACGGGGAGAATTCAATCTCATGAATCTTGATTATGAGATCAG	CNTNAP4
CAGAGCCCCGGAAATATTTTTTTCTCACATTTTTGAAATACCATGCACATATATGTGGCTATTTAAGTATAACTACTAGTGTTCACTC	ATXN1-AS1
TGAACCCAGAAGGTAGAGGTTGCAGTGAGCTGAGACCATACCATGCACTCCAGCCTGGGTGATAGAGTGAGACTCTGTCTCAAGAAAG	LOC101930085
ACTGCATGATCTACACTTTAGTGAGCTCTTAACGCAAAGACCATGCACATCATCAGAGACTGAGATGGGAGAGGCCTGAGACGGAGAG	CNIH3
CGGGGCTATCCCTACAATGGGACAAACTATGTGAATGTCACCATGCACCTCCGAAGTCCCATCACCAGGGCAGCTTACCTCTTCATAG	DSE
AGCCCTCTGCCTACAGCCTGGGAGGCCTCGTGCCCAGACGCCATGCACCCTCTGGTGACTGGCAGCCACCTGTCCATCCCCCAAGACC	LOC100129291
CCGAGTTTGAAGTATAACATGGGATTTCTCTCCAGAGCAGCCATGCACTGCCCAGGCTGGAAGTATGCTCAACCACAAGGATCAGGGC	LOC100287497
TTCGAGACTATAAGAGGCTTACCCCCATTTCTGTGCTGGACCATGCACTAGAATCTTTAGATAACCTTCGGCCTGGGGACTGCATTGT	SUPV3L1
GCCTAAACCATAACCTCACAATCTTCTTTGATGTCAAAGGCCATGCACACAAGGCTACTGAGGCTCTAAAGAAAATGTATATGGAATT	GDE1
TGCATTTTTACCTGAACCAAAGCTAAACCCGGTGTTGCCACCATGCACCATGGCATGCCAGAGTTCAACACTGTTGCTCTTGAAAATC	GDE1
GTATGTGTTTCACTGTGAGCCTGGGTGCAGACCTGTGTCCCCATGCACACAGTGTCTCCTGTCAGGCTGAAATGTGGCACCCTGGCAG	ADAMTS16
GACTACAGTGAGGAGCATTGTGTGACTCCGCGGTGGATTTCCATGCACCGAATGGACTCAGTTTCTAAACTCACATCCTAACGTATCC	NTPCR
TTTCATCAAATCAGCCAACCTTTTCCCGTCACTTACACTGCCATGCACTCCAAGCAGGCCCTGTCCGCCTGCCTCCTCTCTTTTCTCC	TSHZ3
CCACTCTGATTTGCATTTTCATTTGTGTTTGTTTACACATCCATGCACTGCCTGTAGCAGTCGATTGTCACAGCTTCGACTTTTGGAT	MIGA2
CCATCCCTGGGAGGCTTTTCTTAACAAATTATAGGTAAGACCATGCACAGTTTAATTTTAGATTGTATAGCTATACACTTCAATCAAA	LOC108783645
ATGCGCCTGGACGACCCCAGCGGCTCCAACTACGTCACCGCCATGCACCGGGAAGTGTTCGGCGACGTTCCGGCAAAGGCCGAGGCTG	HSD17B1
ATTGATCACTTTGTGGACCGTCCCTATCCCAGCTCCTCTCCCATGCACCCCTGCAATTACAGAACTGCTGGTGAGGACACTGGAGTAA	ATG13
AGGAGGCGTCGTTACTTTGTGCATCGCGGGGATGCTGAAGCCATGCACTGAGACCTAACTGGGTGTCCCCACCCAGTGGACGGCTGCG	PEG13
TAAAGAGGCACTTCTTAAAATACAGCAACTTCTGAGAAATCCATGCACTTTACTTGAAAAAAAAAAAACCTCTTTTTGAATATAGCAT	FAXC
CTTAAGTCATTTAACCTCTCCTTGATTAGAGCTTCCTGAGCCATGCACACTGGCACTGCAAATCACAGACAGGCCTAGATACAGATCC	PHOSPHO2-KLHL23
GTAGCTGGAGTACCTGTCCTATGTGGTAGAGGCTGTCCAGCCATGCACCCCCTCTCTGGATTTGGTACCCAGAGTCAAGATCCCCAGG	KIRREL1-IT1
CCTCAGTGTTATTTTATTTATGACTTACGCTCCCGTCTGCCCATGCACCGGCATGCAGTGGTAATTATTTTAGAAATATTGTTCCTTG	PCBP3
GACCACATCATGCGCAATGGGCTGGATTATAATGAGCTGGCCATGCACTTTGACCGCCTTGTGCGAAAACACCACCTGGGGCGCGTCC	TBC1D25
GTGCAGTGCCCACTTTACTGTTGTGACCCTTTTCTTTGGCCCATGCACTTTCATTTATGTGTGGCCTTTCACAAATTTCCCAATAGAC	OR4K3
ACACATCGAAATACATATCTATTAGAATTAAAATGCTTGTCCATGCACTA	LOC100128988
TTTTTGAAATCCACATACATCTCATTTGTTTAAATTAAGGCCATGCACAAATATTTTTTTTAGTTCAGTGCTGACCATTAAAAACTAT	RIMS2
GACCCCAGTTCTTGTGGCTCGAGATGTAAAAGTCTTTTTGCCATGCACTGTAAACCTAGATCCCAAACTACGGGAAATTATTGCAGAT	KIDINS220
CAAGACTGGCTGGCCAGTGTCACAGAACGCATCCATCAAACCATGCACTATCAGTTTGATGGCAAACCAGAACCATTGGTGTTCCACA	C2orf42
GAAGAGCTTGGTAAGGGAGCAATTCAAGGAAACTATTTTGCCATGCACATTTCTGATCAATTCCCACAGATTCTGGTCAAATGAAAGA	ST6GALNAC3
TTGCTGAATATGAAGGAAAGAGTTTTACATATGCCTCTTTCCATGCACACAAAAAGTTTGGCGTCTGCTTGATTGGTGTTAGGAGGGA	KCNT2
AGCCTTAGTTCCTGGGGGCCCCCCTACCCCAACTCAGCCCCCATGCACCCGTGATGGGCCGTCTGACTGTGTCCTGGCTGCTGACTGG	STRCP1
TGGCAGCACCAGCCACTTGAAATCCACGCCGGTGGCCACACCATGCACTCCACGGAGACTGAGCCTGGCTGAGTCCTTCACTAACACC	TRAK1
CAGGAGCTGGTGGAGCTGAAGCATGCGGCCTCCTGCCACCCCATGCACCGCGGTGGACCAGGGAGAAGGCAGGGTCGAGGGCGGGGCC	TOP3B
TCATTGGCCTATACATCTCTTAGGACCTTTGTAATGGTGTCCATGCACCTTTAGAGGACTTCAGAGGCCCTGCCAAGTCTAGCATGTT	RAB36
AGCCCAGTTGCTGAGCATCATCTGGAATCCTTTCACCTTCCCATGCACAATCCTTGAGATCCGGAGATGCTACCTCCAAAAGGCAACC	LINC02065
AGGGATTCTGCTCGGCAATCTCTCCACTCCCCACCCCCTGCCATGCACAGGATTTTGTACTCCCAGCTCCTCTGGAGGCTCAGAGGAG	LINC01977
GATTCTCCTGCCTCAGCCTCCTGAGGAGCTGGGATTACAGCCATGCACCACCACGCCCGGGTAATTTTTGTATTTTTAGTAGTGACAG	NDST3
CTATTTTGTTCATCTTGATTGGAGTGAGAAATGAATAGGTCCATGCACATATATTTCTTTTACCACAACAAGATGATGAAGAAATAAA	LINC01778
TTGAAAACAGTTTAATTCAGTAAGTGAGTGCAACTATGTGCCATGCACTCCAAAGTAGGTCCCCACAGTTATTCTCTCATAGCCTTGT	ICE2
GTAGCACCTCCTCAGCGAACCAGTTTCTGTACCCACAACCCCATGCACTCACTATTTATGTAGCTTAATTTGAATCATGTACATGGTG	FLJ46875
CAGGCCTCAGCCCGACTGTCCAACTTTGGCCCAGGCTTGTCCATGCACTTCTCCCAACAAAGTTCAGTCATCTGGTGCACCAGCTGCT	DPP4-DT
GTTTCTGAAGGCAGTCGATCTGCAGCGGGGCCTTATGCTGCCATGCACTGCCCTGGCTCCTGCCGGACCCCCAGGGTGGGCCGTGGCA	RHOT2
TTAAAAATAGCACCCAAAAGGGGTAGCTAGAGCACCCTCACCATGCACTAAAGATAAATCTAAAAGGTGTTCAAGTACATTGAATCAA	ZMYM2
CCTCCCAAATTTCCACCTGAGTAACAGTTATGGGGTCAGTCCATGCACTGTAACTTGAACTCTAATTTATTAACTATTTCATCTAGTA	PNKY
CTCCGGGCCTTTCTGGACCAGATGAACAACCTGCCTTGCGCCATGCACCAGATTGGGGATGTCAAGGGTGTTCTGGAACAGGTGGAGG	KDM5C
GACGCCATGGTAAGCGCGGACGCCATGGTAAGCGCGGACGCCATGCACACGGACCCTGACTACTCGGCTGCCTATGTCGTCATAGAAA	ENOSF1
ACGTCTCCACTTGGATAATGGCAGACAGTGTGGGTAGCGGCCATGCACTAGGGGAATTCACCTCTGTCAAATTAATACTCTCCTGTCT	GAPVD1
CTGAGCTCAGGGATCTCCACCCCAGTGACCAACGTGAGCCCCATGCACCTGCAGCACATCCGCGAGCAGATGGCCATTGCTCTGAAAC	KANK1
TTTTAGAAAATCAGATTTTCTCCTGTGGGAAAAAAAAATTCCATGCACTCTCTCTCTGTTAAAGATCAGCTATTCCCTTCTGATCTTG	NR3C2
ACAAACCATGTCAGAAGTCCCTATGTCTCCACTCCCACCTCCATGCACTAAGCCACCCACACAAGTCTCCTGAACAAGACTAACTGCC	LOC728158
GTTTTTTATACAGAAAGGAGAATGCCGAATGTTCAGACTACCATGCACTGTTAAATTTGATTTCAAGAAATTACAGGAAAACTTTCCA	C2orf27A
AGATCCGCCAGACAATCTTTGAAAACCTGAAGATGCTGAACCATGCACCTAGTGTCCAGATTCATGACGTGCCTGCAGACCTCCTGAC	HDAC3
AACAGTATTGTGAACAGCCAGCCACCGGAGAAGCAGCAGGCCATGCACCTGTGTTTTGAGAACCTGATGGAAGGCATCGAGCGAAATC	XPO7
ATATCTTGGACCCTGATAATACCAGTGTCATCAGCTTGTTCCATGCACATGAGGAAGCAACTGATAAAATCACAGAGCGTATCAAAGA	DOCK2
AATAATAATCATTTGTTTCACAGTTTGAGAATCACTTTGGCCATGCACTATATCTGTATGTGACAGAGAAAAGACAAGACAGAAACTG	CCNH
AGAGATGGGCGGCCCCGCCCCAGCGCAGTGCCGGCCACACCCATGCACCGAAGCTCCTCCCTGCCACACCCCAAGGCGGTTGCCGGAG	LOC102724135
GCCCTAAAACTCCAAACTCAAATGCAGTCAATTATTCACGCCATGCACAGCATAATTTGCTCCTTTGTGTGGAGTGGTGTGTCAGCCC	CHRDL1
CGGGGGGCAGCCATATCTACAACTGGACCATTCCAGAAGGCCATGCACCCACCGATGCTGACCCAGCGTGCCTCACCTGGATCTACCA	HEPH
AAGTTGCAAGAAGTGGGGTGGGGAACGCTCACCCGATAAACCATGCACCAAACTTAATCAGCCTGTAATGCTTACTCTAAATCTAGGC	MIR1915HG
CTGAGGAATCGAGAGGCTTGTAAATTCTCCGTGCTTCCTCCCATGCACCTGGCCGGGGGCCTGCCCCAGTGCAAGGAGTCCCCGAATT	C10orf55
TAAATTTGTGTATGAAATCCTGGTTAGAACTCTGAGTGCCCCATGCACAAAACAGACAAGAAACAACACAGCAAAAAGATTCAAGGGT	C9orf170
AAGCAAATGTTGGGTGAACGGCTGTTTCCTCTTATTCAAGCCATGCACCTTACTCTTGCTGGTA	MIR10527
AGAATGGGCGAGCTCTGGAGACCTGTGTCCCTGTGCAGACCCATGCACTGCCCGATGGCAGGGCCCATGCACTCAGCTGGCTGCAGGA	SEMA4D
GTGTCCCTGTGCAGACCCATGCACTGCCCGATGGCAGGGCCCATGCACTCAGCTGGCTGCAGGACGCCATCAGGGAAAGCGCTGAGTA	SEMA4D
