CTCTTCCACTCTCTTTTCTATATTTTGCCCATCGGGGCTGCGGATACCTGGTTTTATTATTTTTTCTTTGCCCAACGGGGCCGTGGAT	XIST
ACCTGCCTTTTAATTCTTTTTTATTCGCCCATCGGGGCCGCGGATACCTGCTTTTTATTTTTTTTTCCTTAGCCCATCGGGGTATCGG	XIST
ACCTGCTTTTTATTTTTTTTTCCTTAGCCCATCGGGGTATCGGATACCTGCTGATTCCCTTCCCCTCTGAACCCCCAACACTCTGGCC	XIST
TGCTTTTTAAAAATTTTCTTTTTTTGGCCCATCGGGGCTTCGGATACCTGCTTTTTTTTTTTTTATTTTTCCTTGCCCATCGGGGCCT	XIST
TGCTTTTTTTTTTTTTATTTTTCCTTGCCCATCGGGGCCTCGGATACCTGCTTTAATTTTTGTTTTTCTGGCCCATCGGGGCCGCGGA	XIST
TACCTGCTTTAATTTTTGTTTTTCTGGCCCATCGGGGCCGCGGATACCTGCTTTGATTTTTTTTTTTCATCGCCCATCGGTGCTTTTT	XIST

TTTTTCTGTGATGTTCCAGCTATGTTGACCCTAGCCTGCACGGATACCTGGGTCTATGAGTGCACGGTGTTTTTGAGCACCACCATTT	OR2L1P
CTTTGTCATCACAAAACCAGATGTCTACAAGAGCCCGCTTCGGATACCTACATGGTTTTTGGGGAAGCCAAGATTGAAGATTTATCTC	NACA4P
ATTAATGGATTTATAGGGGGCCTGTGTCTGCAAAGTCCTGCGGATACCAGTGGACCTGGAGTGGCTGGTTGGTCTACACTGCTGGTGA	TPRXL
GTTTGAATGATGACTTTAATTGTCGGATACCCCTTCACTCCTTTTATGAGTGAAACATAAGAGTCTGACAA	SNORD101
TTCTCCAGTTAGTGCAGACTGATGAATGAGTGGTTCTCAGCGGATACCGGATCCAGGTTTGCAGTACACTCCAGGAGGAGGACGAGTA	KCNQ1OT1
GTGGCCACGCCTGCCTCGCCCATCCAGCAGTTGGCGTGGCCGGATACCACTCACCCTACCTGCACCCTGGGGCAACGGGCGACCCACC	ZDHHC8P1
TTAGTGGGGATTTTGTCAATTATAACCAAAAACAATGTGACGGATACCCAAGATGTTTCATGTTGTAGCTTGGGTGAATTACACATTT	LINC00312
TCTGTGACTTCTCCTACAGAAGGCCCAGGAAGTGTGCACTCGGATACCTCTAACTAATCTCTGGCCACACTTTTCCCTGAGCTACATG	PBX3
TTTGGAAAACGGGCTAACTGTATGCTGAGGGAGGTGGTGACGGATACCTACTTCTTTTCATGGGAAGGTGAGGTGTCTCCCTGCCCCC	FAM225B
TGCAGCTGACCGGGTTGCGTTTTCGTACGGCTGACTAAAGCGGATACCGGTGGCGACTCATTTCTCGTTTTATTTTTCAACGATTTGG	LINC00574
CCTATTCCGCGCCCTCAGGGCGTCAGTATCCGCCTGAGGCCGGATACCCACTCTGGGCTCGGATACCCGCGCTGGGCCCGGAGCATCC	FAM66C
GCGTCAGTATCCGCCTGAGGCCGGATACCCACTCTGGGCTCGGATACCCGCGCTGGGCCCGGAGCATCCTCGGCGCTGCCCTCCCAGA	FAM66C
TATGTACATTTATCCCATGCATGTTATGCCTAAACTAAGACGGATACCCCTGAATTAAGAGGTGCTGTTATACATTGACCAGGCTTAA	LINC00472
CACCTTGTCGTCCTCCACCACACACTGAATCTGTAGCTTCCGGATACCGTAGCCCATGGGCACCAGCTTGGAGGCCCCCTAGACCAGC	ANKRD19P
CCTATTCCGCGCCCTCAGGGCGTCAGTATCCGCCTGAGGCCGGATACCCCCTCTGGGCCCGGATGCCCCCGCTGGCCCCGGAGCATCC	FAM66B
AGGCTCAGTGAAGCCCTCGTGGTTGGCGTGGCTTATGGCCCGGATACCCCCATCATGACCGCACTGGACCCAGATTTTGTGATTGGTT	CEACAM22P
GGCGCGTCGCCCCCCTCAGTCCACCAGAGCCCGGATACCTCAGAAATTCGGCTCTGGGTCTGTGGGGAGCGAAATGCAA	MIR760
CTTCAACTGCCTTTTCAGGCCTAGACTTTGGGCTGCTTTCCGGATACCTGCATAAGCAAGCCCTTGTTACTGCTACCCATCCTACCTG	ALG13
CCAGCATCTTTGTTTCCCTCGCGCCGGGAAACGAAGTCTCCGGATACCACAGAAACCAGAAGCCGATACCACAGAAACCAGAGGCCGC	LOC100499489
TGGGAGAATATATTTCCAAACTATTGTTGGGGCTCAGAAACGGATACCCTAACATATAGTGATTTGACAGGTGGAACTAAAGAAGACT	CLEC2D
TTCAAGACGCTGGTCCCAGGCACCCACGCCCAGGGCGCCTCGGATACCCACCCCCTCGGCCCCCCGCACACCCCGGTCCTCGACCCCT	TTLL3
ACAACAGAATGAAGACTTGAGGCGAATGGCCGAATCTCTCCGGATACCAGAAGGCCCTATTGATCAGGGGCCAGCTATAGGAAGAGTA	FUT8
GAAAGACGAGAAAGATCTTCTGTTCCCATCCCTATCCCTGCGGATACCAGGGATAATGAAGTGAATCACGCCCTGGAACAGCAGGAAG	MYPN
TACCCAAGGCGCTGTCTATGCGTGCCCAGGGCCTGTCCTGCGGATACCCAGCTCGCCCCTTGCAGCCCTTTTTAGAGCATCTCGCGGG	ENC1
GCCAAGGCAGTGGCACCCAAAAACCAGGCTGCAGTGGGGACGGATACCATGAGCACACCCTCTCATTGTCCTTCTGATTTGGTCCATG	GDAP1L1
TGTAGCTTATACACTTCACTCTCCTTCCAGTTTTCAAGTACGGATACCTGCCAGTAGATCAGAAGACATATGAGTATTTTACAAATGA	TTC3-AS1
CCTATTCCGCGCCCTCAGGGCGTCAGTATCCGCCTGAGGCCGGATACCCCAGCTGGGCCCGGATGCCGTCGATGGGCCCGGAGCATCC	ALG1L9P
CGGCGCGGGACTTTCGGTTCTATCCCAAGACGGAGCTGTCCGGATACCCCCGCAAGGACTCCCTGACCTACTGGAGCTTCGAAGAGAC	LOC101059948
CCCCTTCGGTCCCCACCGTGGCCTCAGCGTGCTGCTTGCACGGATACCTCAGCGGGCGCCACGGTGGCTCCCAGATTCTTGTTGGATC	ABHD10
TGCCCGACGAGGAGCTGCAGGCGCTACTGGGCTGAGATCTCGGATACCATCATCTCTGGCACCTTCCACCAGTGGAGAGAGGGCACCA	SIGMAR1
GAAGGGACTGGTTCTCGCCCCCTTCCCCAGCCTGGGGCCTCGGATACCTGCTGCCCAGAGCAGCCCGGACCCGAAACCTTTCAGGCCC	STAC3
TTTTACTTGGCAGAATGTGGGAAGTGGCACATGTTTCAGCCGGATACCAACAGTCAGTGTTCAGTTAGCAGTGAAGATATCGAAAAAA	PARP11
CCATCCTTGGTGGGACTGAACACCACGAGGCTGTCGACTCCGGATACCTTAACTCAGATTAGTCCTAAAGAAGGGTGGCAGGTGTACA	OLFM3
TTACTGCTGCTCACGGCTGATCACGCCATGCACTTGTGTGCGGATACCTGGCTCCTGGTCTCAGGCACCTAGTATGGGGCTATGCACA	LINC01422
TTTGTCCAGGGATCTGAAACCACTTTGCAGTCGACATACTCGGATACCAGCGCTCAGCCCACCTGTGATTATGGATATGGAACTTGGA	AKAP8L
AGGAGCTGCGCAAGGAGGCGGAGGCATTCCTAGAGAAGTACGGATACCTCAATGAACAGGTCCCCAAAGCTCCCACCTCCACTCGATT	MMP28
CCTCTGCTATTGTACAAGGAAAGCCTCATTCTCTTCTGTCCGGATACCATCCTTCAACACCCTACTCAAATGCCGCCTCCTCCAAGAA	LIPC-AS1
CTGTGGCTGGAATGCGGCCACAGCCAGGAACAGCGTGGTACGGATACCAGTGGGGCTCTGGTCTTTTCCCAGAGGCTGGCACCTTTCA	LOC103344931
GGCGCCTCCTCCTCCCCAGGGCGCAGCGCTGGCTGCTCCCCGGATACCGTGATCACACGTCCCAGGTCCTGAGAGCGCCTCATAGGTA	LINC00680
CTGCCTTCTCGGCCACCTGGGAGAGGATGGGCGCCGCACGCGGATACCCAACCTGCCGGGTTGTGCTCGCAGTGACATCGCTTTTCTC	LINC02520
CTGCCATGCCGCTAGTCCGCTACAGGAAGGTGGTCATCCTCGGATACCGCTGTGTAGGGAAGACATCTTTGGCACATCAATTTGTGGA	RHEBL1
TCCCTGGACCTCCAGTGGGACAGATACCAAAAAATTTTCACGGATACCTAGTGAAACATACAGTTCATCCCCGTCAGGTGCAGGCTCA	CD96
AACCCACCACCTGCCTCACCAACAACCAGCACTCCTGAACCGGATACCAGCACTGTACCCCAGGATGCTGCCACCATCCCCAGCTCAG	SCMH1
GCTCTTCACACGGATACCACGAATGCCACGGTGGCCTCCTGAAGACGGAGTCTGGTCT	LOC105373352
ATCGTGCGCTCGGGCCCAGGGTTGCACGGAGCACTGGGCCCGGATACCGGGGGCGCAAAGCTTCGGGTGCGGCCCAGGAGAACCCCGC	LOC105373156
AGTTACTATGGAAACTGCCGTTCTCTCCTGGCCTGTGCCGCGGATACCAGTATGGAGAACTGATGGCCACATGAGGACAGAGACGAGT	ARL16
GATATCCAGAAATTAGAAAGAACGTCCAATGTCTTTCTGACGGATACCATCCGAATCACCACGCAGAATAAGGAGCGTGACTTCTCCA	TBC1D8
ACTGCTCTCAGAAAGAACAGGCCTGAGGGAGAGGGAAAAGCGGATACCCACCTGTGTCGCTGTTTGCGTGCCAAGTCCAGGAACAGTC	SFTA3
CAAAGGGAAGAAAGAGAGGAATATTCACAGTATGCTACTTCGGATACCGCAATGCCTAGATCTCCATCAGATTATGCTGATAGGCGAT	RIMS2
CCGTTGCTGAAAAGAAGCCATTCTTCAGACTTTCCCTGTTCGGATACCTTCAGTAACTTCACCTTTTGGAGAGAGCCACTGCCACCTT	LPIN1
AGACGGCCCAGGGCTCCATAGACCACGTCTACACGGGTTCCGGATACCGAATCCGGGACTCCGAACTGCAGAAGATCCACAGGGCAGC	ANKRD20A4-ANKRD20A20P
AATCATGTAGCTGCTGGTCTCGTTTCACCAAGTCTGAAATCGGATACCTCTAGTAAAGAAATAGAGGAAGCTATGAAAAGAGTACGAG	SRSF11
CAGTCTGGGCTTTGGCCAAGAGGATCACAAAGACACTTCTCGGATACCCGCCCGATTTTTCACCACCCCCTCTCAGGCCAAGGGCATT	TESPA1
CACGCACAGTCCGCACAGAGGCCGGCCGGTTGCCCCTGCACGGATACCTCTGCCAGTGGACCCTGGTGACCTACCTGGACGTCCGGAG	RHOT2
AAAAGCAGAGGTGACAGGGGCTCTTCAATTACAGCCTCCTCGGATACCGTTTCCCCCTTCAATTATTCAACCAGAGGAAGAGAGGACC	LOC729558
CCGTGTATGAGGGATTCATCTCGGCTCAGACTTGTGTATGCGGATACCTGCTTCAGTACCATCAAGTTAAAAGCAGAAGATGCTTCTG	FANCL
GAGAATTGCACTTGCTCGAGGGAACACCCAGCTGGCTGAGCGGATACCTACCTCACCCTGTCTGATGACCCTCATCTCTGCTGAAGGA	MYCBPAP
GCTCCCCACTTGCAGTGGCCGTGGTGGCTGCACATGCTCCCGGATACCCCTCCAGCACTCCCTTTTGTCATCTTGAGTTTCAGTCCGT	C6orf223
CCACCAGCCACAGCCCAAACACATCAAACTTGCTAAGCGGCGGATACCCCCAGCTTCTAAGATCCCAGCTTCTGCAGTGGAAATGCCT	UBAP2
GCGAACGCAGGCGCATTGTCGTTCACGTCGGCCACCTCCACGGATACCCTGGCCGTGGCCCACAGAGAAGGCGAACCCCCATCCCGCG	LOC112267934
